<Stages>
	<Stage IsStageLooping="false" StageStartLoopingLevel="0" StageEndLoopingLevel="0" ID="0">	
		<Level ID="0" Color="Green" Time="60">
			<Ralf RandomThrowBrick="0.2" TimeBetwinBricks="0.5"  RandomArmsUp="0.1" RandomYell="0.3" ThrowBrickDuration="0.5" TimeToReachNextWindows="1.1" 
					MaximumTimeBetwinThrowBrick="3" MinimumTimeBetwinThrowBrick="1" MaximumTimeBeforeYell="5.0" MinimumTimeBeforeYell="5.0" 
					MaximumTimeBeforeArmsUp="16.0" MinimumTimeBeforeArmsUp="8.0" MinimumTimeBeforeDecision="0.05" MaximumTimeBeforeDecision="0.1"
					MaximumWalkCycle="1"/>
			<Brick RandomBreakWindow="0" Speed="280"/>
			<Collectables RandomPie="0" />
			<Pie SpawnRateFrom="5" SpawnRateTo="10" Probability="0" NbMax="1"/>
			<Floor ID="0" Background="0">
				<Window ObstTop="False" ObstRight="False" ObstBottom="False" ObstLeft="False" StateStart="Broken1" />
				<Window ObstTop="False" ObstRight="False" ObstBottom="False" ObstLeft="False" StateStart="Broken1" />
				<Window ObstTop="False" ObstRight="False" ObstBottom="False" ObstLeft="False" StateStart="Unbreakable"   />
				<Window ObstTop="False" ObstRight="False" ObstBottom="False" ObstLeft="False" StateStart="Broken1" />
				<Window ObstTop="False" ObstRight="False" ObstBottom="False" ObstLeft="False" StateStart="Fixed"   />
			</Floor>
			<Floor ID="1" Background="0">
				<Window ObstTop="False" ObstRight="False" ObstBottom="False" ObstLeft="False" StateStart="Broken1"   />
				<Window ObstTop="False" ObstRight="False" ObstBottom="False" ObstLeft="False" StateStart="Broken1" />
				<Window ObstTop="False" ObstRight="False" ObstBottom="False" ObstLeft="False" StateStart="Empty"   />
				<Window ObstTop="False" ObstRight="False" ObstBottom="False" ObstLeft="False" StateStart="Fixed"   />
				<Window ObstTop="False" ObstRight="False" ObstBottom="False" ObstLeft="False" StateStart="Broken1" />
			</Floor>
			<Floor ID="2" Background="0">
				<Window ObstTop="True" ObstRight="False" ObstBottom="False" ObstLeft="False" StateStart="Broken1" />
				<Window ObstTop="True" ObstRight="False" ObstBottom="False" ObstLeft="False" StateStart="Broken1" />
				<Window ObstTop="True" ObstRight="False" ObstBottom="False" ObstLeft="False" StateStart="Fixed" />
				<Window ObstTop="True" ObstRight="False" ObstBottom="False" ObstLeft="False" StateStart="Broken1" />
				<Window ObstTop="True" ObstRight="False" ObstBottom="False" ObstLeft="False" StateStart="Broken1" />
			</Floor>
			<Floor ID="3" Background="0">
				<Window ObstTop="False" ObstRight="False" ObstBottom="False" ObstLeft="False" StateStart="Unbreakable" />
				<Window ObstTop="False" ObstRight="False" ObstBottom="False" ObstLeft="False" StateStart="Unbreakable" />
				<Window ObstTop="False" ObstRight="False" ObstBottom="False" ObstLeft="False" StateStart="Unbreakable" />
				<Window ObstTop="False" ObstRight="False" ObstBottom="False" ObstLeft="False" StateStart="Unbreakable" />
				<Window ObstTop="False" ObstRight="False" ObstBottom="False" ObstLeft="False" StateStart="Unbreakable" />
			</Floor>
			<Floor ID="4" Background="0">
				<Window ObstTop="False" ObstRight="False" ObstBottom="False" ObstLeft="False" StateStart="Unbreakable" />
				<Window ObstTop="False" ObstRight="False" ObstBottom="False" ObstLeft="False" StateStart="Unbreakable" />
				<Window ObstTop="False" ObstRight="False" ObstBottom="False" ObstLeft="False" StateStart="Unbreakable" />
				<Window ObstTop="False" ObstRight="False" ObstBottom="False" ObstLeft="False" StateStart="Unbreakable" />
				<Window ObstTop="False" ObstRight="False" ObstBottom="False" ObstLeft="False" StateStart="Unbreakable" />
			</Floor>
		</Level>
		<Level ID="1" Color="Blue" Time="60">
			<Ralf RandomThrowBrick="0.2" TimeBetwinBricks="0.5" RandomArmsUp="0.1" RandomYell="0.1" ThrowBrickDuration="0.5" TimeToReachNextWindows="1" 
					MaximumTimeBetwinThrowBrick="3.0" MinimumTimeBetwinThrowBrick="0.5" MaximumTimeBeforeYell="5.0" MinimumTimeBeforeYell="5.0" 
					MaximumTimeBeforeArmsUp="16.0" MinimumTimeBeforeArmsUp="8.0" MinimumTimeBeforeDecision="0.05" MaximumTimeBeforeDecision="0.2"
					MaximumWalkCycle="1"/>
			<Brick RandomBreakWindow="0.05" Speed="300"/>
			<Collectables RandomPie="0.5" />
			<Pie SpawnRateFrom="3" SpawnRateTo="12" Probability="0.50" NbMax="1"/>
			<Floor ID="0" Background="0">
				<Window ObstTop="False" ObstRight="False" ObstBottom="False" ObstLeft="False" StateStart="Fixed" />
				<Window ObstTop="False" ObstRight="False" ObstBottom="False" ObstLeft="False" StateStart="Broken2" />
				<Window ObstTop="False" ObstRight="False" ObstBottom="False" ObstLeft="False" StateStart="Fixed" />
				<Window ObstTop="False" ObstRight="False" ObstBottom="False" ObstLeft="False" StateStart="Fixed" />
				<Window ObstTop="False" ObstRight="False" ObstBottom="False" ObstLeft="False" StateStart="Broken2" />
			</Floor>
			<Floor ID="1" Background="0">
				<Window ObstTop="False" ObstRight="False" ObstBottom="False" ObstLeft="False" StateStart="Broken1" />
				<Window ObstTop="False" ObstRight="False" ObstBottom="False" ObstLeft="False" StateStart="Unbreakable" />
				<Window ObstTop="False" ObstRight="False" ObstBottom="False" ObstLeft="False" StateStart="Broken1" />
				<Window ObstTop="False" ObstRight="False" ObstBottom="False" ObstLeft="False" StateStart="Unbreakable" />
				<Window ObstTop="False" ObstRight="False" ObstBottom="False" ObstLeft="False" StateStart="Broken2" />
			</Floor>
			<Floor ID="2" Background="0">
				<Window ObstTop="True" ObstRight="False" ObstBottom="False" ObstLeft="False" StateStart="Broken1" />
				<Window ObstTop="True" ObstRight="False" ObstBottom="False" ObstLeft="False" StateStart="Broken2" />
				<Window ObstTop="True" ObstRight="False" ObstBottom="False" ObstLeft="False" StateStart="Broken1" />
				<Window ObstTop="True" ObstRight="False" ObstBottom="False" ObstLeft="False" StateStart="Broken1" />
				<Window ObstTop="True" ObstRight="False" ObstBottom="False" ObstLeft="False" StateStart="Broken2" />
			</Floor>
			<Floor ID="3" Background="0">
				<Window ObstTop="False" ObstRight="False" ObstBottom="False" ObstLeft="False" StateStart="Unbreakable" />
				<Window ObstTop="False" ObstRight="False" ObstBottom="False" ObstLeft="False" StateStart="Unbreakable" />
				<Window ObstTop="False" ObstRight="False" ObstBottom="False" ObstLeft="False" StateStart="Unbreakable" />
				<Window ObstTop="False" ObstRight="False" ObstBottom="False" ObstLeft="False" StateStart="Unbreakable" />
				<Window ObstTop="False" ObstRight="False" ObstBottom="False" ObstLeft="False" StateStart="Unbreakable" />
			</Floor>
			<Floor ID="4" Background="0">
				<Window ObstTop="False" ObstRight="False" ObstBottom="False" ObstLeft="False" StateStart="Unbreakable" />
				<Window ObstTop="False" ObstRight="False" ObstBottom="False" ObstLeft="False" StateStart="Unbreakable" />
				<Window ObstTop="False" ObstRight="False" ObstBottom="False" ObstLeft="False" StateStart="Unbreakable" />
				<Window ObstTop="False" ObstRight="False" ObstBottom="False" ObstLeft="False" StateStart="Unbreakable" />
				<Window ObstTop="False" ObstRight="False" ObstBottom="False" ObstLeft="False" StateStart="Unbreakable" />
			</Floor>
		</Level>
		<Level ID="2" Color="Green" Time="60">
			<Ralf RandomThrowBrick="0.8" TimeBetwinBricks="0.5" RandomArmsUp="0.01" RandomYell="0.01" ThrowBrickDuration="1" TimeToReachNextWindows="0.9" 
					MaximumTimeBetwinThrowBrick="1.0" MinimumTimeBetwinThrowBrick="0.2" MaximumTimeBeforeYell="5.0" MinimumTimeBeforeYell="5.0" 
					MaximumTimeBeforeArmsUp="18.0" MinimumTimeBeforeArmsUp="14.0" MinimumTimeBeforeDecision="0.05" MaximumTimeBeforeDecision="0.2"
					MaximumWalkCycle="1"/>
			<Brick RandomBreakWindow="0.05" Speed="315"/>
			<Collectables RandomPie="0.5" />
			<Pie SpawnRateFrom="4" SpawnRateTo="14" Probability="0.45" NbMax="1"/>
			<Floor ID="0" Background="0">
				<Window ObstTop="False" ObstRight="False" ObstBottom="False" ObstLeft="False" StateStart="Broken1" />
				<Window ObstTop="False" ObstRight="False" ObstBottom="False" ObstLeft="False" StateStart="Broken2" />
				<Window ObstTop="False" ObstRight="False" ObstBottom="False" ObstLeft="False" StateStart="Broken2" />
				<Window ObstTop="False" ObstRight="False" ObstBottom="False" ObstLeft="False" StateStart="Broken2" />
				<Window ObstTop="False" ObstRight="False" ObstBottom="False" ObstLeft="False" StateStart="Broken1" />
			</Floor>
			<Floor ID="1" Background="0">
				<Window ObstTop="False" ObstRight="False" ObstBottom="True" ObstLeft="False" StateStart="Unbreakable" />
				<Window ObstTop="False" ObstRight="False" ObstBottom="False" ObstLeft="False" StateStart="Fixed" />
				<Window ObstTop="False" ObstRight="False" ObstBottom="False" ObstLeft="False" StateStart="Broken2" />
				<Window ObstTop="False" ObstRight="False" ObstBottom="False" ObstLeft="False" StateStart="Broken1" />
				<Window ObstTop="False" ObstRight="False" ObstBottom="True" ObstLeft="False" StateStart="Unbreakable" />
			</Floor>
			<Floor ID="2" Background="0">
				<Window ObstTop="False" ObstRight="False" ObstBottom="False" ObstLeft="False" StateStart="Broken2" />
				<Window ObstTop="False" ObstRight="False" ObstBottom="True" ObstLeft="False" StateStart="Broken2" />
				<Window ObstTop="False" ObstRight="False" ObstBottom="False" ObstLeft="False" StateStart="Fixed" />
				<Window ObstTop="False" ObstRight="False" ObstBottom="False" ObstLeft="False" StateStart="Unbreakable" />
				<Window ObstTop="False" ObstRight="False" ObstBottom="True" ObstLeft="False" StateStart="Broken1" />
			</Floor>
			<Floor ID="3" Background="0">
				<Window ObstTop="True" ObstRight="False" ObstBottom="True" ObstLeft="False" StateStart="Broken2" />
				<Window ObstTop="True" ObstRight="False" ObstBottom="False" ObstLeft="False" StateStart="Broken1" />
				<Window ObstTop="True" ObstRight="False" ObstBottom="False" ObstLeft="False" StateStart="Broken1" />
				<Window ObstTop="True" ObstRight="False" ObstBottom="False" ObstLeft="False" StateStart="Broken2" />
				<Window ObstTop="True" ObstRight="False" ObstBottom="False" ObstLeft="False" StateStart="Broken1" />
			</Floor>
			<Floor ID="4" Background="0">
				<Window ObstTop="False" ObstRight="False" ObstBottom="False" ObstLeft="False" StateStart="Unbreakable" />
				<Window ObstTop="False" ObstRight="False" ObstBottom="False" ObstLeft="False" StateStart="Unbreakable" />
				<Window ObstTop="False" ObstRight="False" ObstBottom="False" ObstLeft="False" StateStart="Unbreakable" />
				<Window ObstTop="False" ObstRight="False" ObstBottom="False" ObstLeft="False" StateStart="Unbreakable" />
				<Window ObstTop="False" ObstRight="False" ObstBottom="False" ObstLeft="False" StateStart="Unbreakable" />
			</Floor>
		</Level>
		<Level ID="3" Color="Blue" Time="60">
			<Ralf RandomThrowBrick="0.8" TimeBetwinBricks="0.5" RandomArmsUp="0.01" RandomYell="0.01" ThrowBrickDuration="1" TimeToReachNextWindows="0.85" 
					MaximumTimeBetwinThrowBrick="1.0" MinimumTimeBetwinThrowBrick="0.2" MaximumTimeBeforeYell="5.0" MinimumTimeBeforeYell="5.0" 
					MaximumTimeBeforeArmsUp="18.0" MinimumTimeBeforeArmsUp="14.0" MinimumTimeBeforeDecision="0.05" MaximumTimeBeforeDecision="0.2"
					MaximumWalkCycle="1"/>
			<Brick RandomBreakWindow="0.05" Speed="330"/>
			<Collectables RandomPie="0.1" />
			<Pie SpawnRateFrom="5" SpawnRateTo="15" Probability="0.4" NbMax="1"/>
			<Floor ID="0" Background="0">
				<Window ObstTop="False" ObstRight="False" ObstBottom="False" ObstLeft="False" StateStart="Broken1" />
				<Window ObstTop="False" ObstRight="False" ObstBottom="False" ObstLeft="False" StateStart="Broken2" />
				<Window ObstTop="False" ObstRight="False" ObstBottom="False" ObstLeft="False" StateStart="Broken2" />
				<Window ObstTop="False" ObstRight="False" ObstBottom="False" ObstLeft="False" StateStart="Fixed" />
				<Window ObstTop="False" ObstRight="False" ObstBottom="False" ObstLeft="False" StateStart="Broken2" />
			</Floor>
			<Floor ID="1" Background="0">
				<Window ObstTop="False" ObstRight="False" ObstBottom="False" ObstLeft="False" StateStart="Broken2" />
				<Window ObstTop="False" ObstRight="False" ObstBottom="True" ObstLeft="False" StateStart="Unbreakable" />
				<Window ObstTop="False" ObstRight="False" ObstBottom="False" ObstLeft="False" StateStart="Broken2" />
				<Window ObstTop="False" ObstRight="False" ObstBottom="False" ObstLeft="False" StateStart="Broken2" />
				<Window ObstTop="False" ObstRight="False" ObstBottom="False" ObstLeft="False" StateStart="Broken2" />
			</Floor>
			<Floor ID="2" Background="0">
				<Window ObstTop="False" ObstRight="False" ObstBottom="False" ObstLeft="False" StateStart="Broken2" />
				<Window ObstTop="False" ObstRight="False" ObstBottom="True" ObstLeft="False" StateStart="Broken2" />
				<Window ObstTop="False" ObstRight="False" ObstBottom="True" ObstLeft="False" StateStart="Broken1" />
				<Window ObstTop="False" ObstRight="False" ObstBottom="True" ObstLeft="False" StateStart="Broken2" />
				<Window ObstTop="False" ObstRight="False" ObstBottom="False" ObstLeft="False" StateStart="Broken2" />
			</Floor>
			<Floor ID="3" Background="0">
				<Window ObstTop="True" ObstRight="False" ObstBottom="False" ObstLeft="False" StateStart="Broken2" />
				<Window ObstTop="True" ObstRight="False" ObstBottom="False" ObstLeft="False" StateStart="Unbreakable" />
				<Window ObstTop="True" ObstRight="False" ObstBottom="False" ObstLeft="False" StateStart="Broken1" />
				<Window ObstTop="True" ObstRight="False" ObstBottom="False" ObstLeft="False" StateStart="Unbreakable" />
				<Window ObstTop="True" ObstRight="False" ObstBottom="False" ObstLeft="False" StateStart="Broken2" />
			</Floor>
			<Floor ID="4" Background="0">
				<Window ObstTop="False" ObstRight="False" ObstBottom="False" ObstLeft="False" StateStart="Unbreakable" />
				<Window ObstTop="False" ObstRight="False" ObstBottom="False" ObstLeft="False" StateStart="Unbreakable" />
				<Window ObstTop="False" ObstRight="False" ObstBottom="False" ObstLeft="False" StateStart="Unbreakable" />
				<Window ObstTop="False" ObstRight="False" ObstBottom="False" ObstLeft="False" StateStart="Unbreakable" />
				<Window ObstTop="False" ObstRight="False" ObstBottom="False" ObstLeft="False" StateStart="Unbreakable" />
			</Floor>
		</Level>
		<Level ID="4" Color="Green" Time="60">
			<Ralf RandomThrowBrick="0.8" TimeBetwinBricks="0.5" RandomArmsUp="0.01" RandomYell="0.01" ThrowBrickDuration="1.5" TimeToReachNextWindows="0.8" 
					MaximumTimeBetwinThrowBrick="1.0" MinimumTimeBetwinThrowBrick="0.2" MaximumTimeBeforeYell="5.0" MinimumTimeBeforeYell="5.0" 
					MaximumTimeBeforeArmsUp="18.0" MinimumTimeBeforeArmsUp="14.0" MinimumTimeBeforeDecision="0.05" MaximumTimeBeforeDecision="0.2"
					MaximumWalkCycle="1"/>
			<Brick RandomBreakWindow="0.05" Speed="350"/>
			<Collectables RandomPie="0.5" />
			<Pie SpawnRateFrom="7" SpawnRateTo="17" Probability="0.35" NbMax="1"/>
			<Floor ID="0" Background="0">
				<Window ObstTop="False" ObstRight="False" ObstBottom="False" ObstLeft="False" StateStart="Broken1" />
				<Window ObstTop="False" ObstRight="False" ObstBottom="False" ObstLeft="False" StateStart="Broken2" />
				<Window ObstTop="False" ObstRight="False" ObstBottom="False" ObstLeft="False" StateStart="Broken2" />
				<Window ObstTop="False" ObstRight="False" ObstBottom="False" ObstLeft="False" StateStart="Broken1" />
				<Window ObstTop="False" ObstRight="False" ObstBottom="False" ObstLeft="False" StateStart="Unbreakable" />
			</Floor>
			<Floor ID="1" Background="0">
				<Window ObstTop="False" ObstRight="False" ObstBottom="False" ObstLeft="False" StateStart="Broken2" />
				<Window ObstTop="False" ObstRight="False" ObstBottom="True"  ObstLeft="True" StateStart="Fixed" />
				<Window ObstTop="False" ObstRight="False" ObstBottom="False" ObstLeft="False" StateStart="Broken1" />
				<Window ObstTop="False" ObstRight="False" ObstBottom="True"  ObstLeft="True" StateStart="Broken2" />
				<Window ObstTop="False" ObstRight="False" ObstBottom="False" ObstLeft="False" StateStart="Broken2" />
			</Floor>
			<Floor ID="2" Background="0">
				<Window ObstTop="False" ObstRight="False" ObstBottom="False" ObstLeft="False" StateStart="Broken1" />
				<Window ObstTop="False" ObstRight="True" ObstBottom="False" ObstLeft="False" StateStart="Unbreakable" />
				<Window ObstTop="False" ObstRight="False" ObstBottom="False" ObstLeft="False" StateStart="Broken2" />
				<Window ObstTop="False" ObstRight="True" ObstBottom="True"  ObstLeft="False" StateStart="Broken2" />
				<Window ObstTop="False" ObstRight="False" ObstBottom="False" ObstLeft="False" StateStart="Broken1" />
			</Floor>
			<Floor ID="3" Background="0">
				<Window ObstTop="True" ObstRight="False" ObstBottom="False" ObstLeft="False" StateStart="Broken1" />
				<Window ObstTop="True"  ObstRight="False" ObstBottom="False" ObstLeft="False" StateStart="Broken1" />
				<Window ObstTop="True" ObstRight="False" ObstBottom="False" ObstLeft="False" StateStart="Broken2" />
				<Window ObstTop="True"  ObstRight="False" ObstBottom="False" ObstLeft="False" StateStart="Fixed" />
				<Window ObstTop="True" ObstRight="False" ObstBottom="False" ObstLeft="False" StateStart="Broken2" />
			</Floor>
			<Floor ID="4" Background="0">
				<Window ObstTop="False" ObstRight="False" ObstBottom="False" ObstLeft="False" StateStart="Unbreakable" />
				<Window ObstTop="False" ObstRight="False" ObstBottom="False" ObstLeft="False" StateStart="Unbreakable" />
				<Window ObstTop="False" ObstRight="False" ObstBottom="False" ObstLeft="False" StateStart="Unbreakable" />
				<Window ObstTop="False" ObstRight="False" ObstBottom="False" ObstLeft="False" StateStart="Unbreakable" />
				<Window ObstTop="False" ObstRight="False" ObstBottom="False" ObstLeft="False" StateStart="Unbreakable" />
			</Floor>
		</Level>
		<Level ID="5" Color="Blue" Time="60">
			<Ralf RandomThrowBrick="0.8" TimeBetwinBricks="0.5" RandomArmsUp="0.01" RandomYell="0.01" ThrowBrickDuration="1.5" TimeToReachNextWindows="0.75" 
					MaximumTimeBetwinThrowBrick="1.0" MinimumTimeBetwinThrowBrick="0.2" MaximumTimeBeforeYell="5.0" MinimumTimeBeforeYell="5.0" 
					MaximumTimeBeforeArmsUp="18.0" MinimumTimeBeforeArmsUp="14.0" MinimumTimeBeforeDecision="0.05" MaximumTimeBeforeDecision="0.2"
					MaximumWalkCycle="1"/>
			<Brick RandomBreakWindow="0.06" Speed="365"/>
			<Collectables RandomPie="0.5" />
			<Pie SpawnRateFrom="8" SpawnRateTo="18" Probability="0.30" NbMax="1"/>
			<Floor ID="0" Background="0">
				<Window ObstTop="False" ObstRight="False" ObstBottom="False" ObstLeft="False" StateStart="Broken1" />
				<Window ObstTop="False" ObstRight="False" ObstBottom="False" ObstLeft="False" StateStart="Broken2" />
				<Window ObstTop="False" ObstRight="False" ObstBottom="False" ObstLeft="False" StateStart="Broken2" />
				<Window ObstTop="False" ObstRight="False" ObstBottom="False" ObstLeft="False" StateStart="Unbreakable" />
				<Window ObstTop="False" ObstRight="False" ObstBottom="False" ObstLeft="False" StateStart="Broken2" />
			</Floor>
			<Floor ID="1" Background="0">
				<Window ObstTop="False" ObstRight="False" ObstBottom="True" ObstLeft="False" StateStart="Broken1" />
				<Window ObstTop="False" ObstRight="False" ObstBottom="True" ObstLeft="False" StateStart="Broken2" />
				<Window ObstTop="False" ObstRight="False" ObstBottom="False" ObstLeft="False" StateStart="Broken1" />
				<Window ObstTop="False" ObstRight="False" ObstBottom="False" ObstLeft="True" StateStart="Fixed" />
				<Window ObstTop="False" ObstRight="False" ObstBottom="False" ObstLeft="False" StateStart="Broken2" />
			</Floor>
			<Floor ID="2" Background="0">
				<Window ObstTop="False" ObstRight="False" ObstBottom="False" ObstLeft="False" StateStart="Broken2" />
				<Window ObstTop="False" ObstRight="True" ObstBottom="False" ObstLeft="False" StateStart="Broken2" />
				<Window ObstTop="False" ObstRight="False" ObstBottom="False" ObstLeft="False" StateStart="Broken2" />
				<Window ObstTop="False" ObstRight="False" ObstBottom="True" ObstLeft="False" StateStart="Broken2" />
				<Window ObstTop="False" ObstRight="False" ObstBottom="True" ObstLeft="False" StateStart="Broken2" />
			</Floor>
			<Floor ID="3" Background="0">
				<Window ObstTop="False" ObstRight="True" ObstBottom="False" ObstLeft="False" StateStart="Broken2" />
				<Window ObstTop="False" ObstRight="False" ObstBottom="False" ObstLeft="False" StateStart="Fixed" />
				<Window ObstTop="False" ObstRight="True" ObstBottom="False" ObstLeft="True" StateStart="Broken1" />
				<Window ObstTop="False" ObstRight="False" ObstBottom="False" ObstLeft="False" StateStart="Broken2" />
				<Window ObstTop="False" ObstRight="False" ObstBottom="False" ObstLeft="False" StateStart="Broken2" />
			</Floor>
			<Floor ID="4" Background="0">
				<Window ObstTop="False" ObstRight="False" ObstBottom="False" ObstLeft="False" StateStart="Broken2" />
				<Window ObstTop="False" ObstRight="False" ObstBottom="False" ObstLeft="False" StateStart="Broken2" />
				<Window ObstTop="False" ObstRight="False" ObstBottom="False" ObstLeft="False" StateStart="Fixed" />
				<Window ObstTop="False" ObstRight="False" ObstBottom="True" ObstLeft="False" StateStart="Broken2" />
				<Window ObstTop="False" ObstRight="False" ObstBottom="True" ObstLeft="False" StateStart="Broken2" />
			</Floor>
		</Level>
		<Level ID="6" Color="Green" Time="60">
			<Ralf RandomThrowBrick="0.8" TimeBetwinBricks="0.5" RandomArmsUp="0.01" RandomYell="0.01" ThrowBrickDuration="2" TimeToReachNextWindows="0.7" 
					MaximumTimeBetwinThrowBrick="1.0" MinimumTimeBetwinThrowBrick="0.2" MaximumTimeBeforeYell="5.0" MinimumTimeBeforeYell="5.0" 
					MaximumTimeBeforeArmsUp="18.0" MinimumTimeBeforeArmsUp="14.0" MinimumTimeBeforeDecision="0.05" MaximumTimeBeforeDecision="0.2"
					MaximumWalkCycle="1"/>
			<Duck SpawnRateFrom="2" SpawnRateTo="5" MaxDuck="1" FloorIndexFrom="0" FloorIndexTo="4" DuckSpeed="285"/>
			<Brick RandomBreakWindow="0.07" Speed="380"/>
			<Collectables RandomPie="0.5" />
			<Pie SpawnRateFrom="10" SpawnRateTo="20" Probability="0.3" NbMax="1"/>
			<Floor ID="0" Background="0">
				<Window ObstTop="False" ObstRight="False" ObstBottom="False" ObstLeft="False" StateStart="Broken2" />
				<Window ObstTop="False" ObstRight="False" ObstBottom="False" ObstLeft="False" StateStart="Broken2" />
				<Window ObstTop="False" ObstRight="False" ObstBottom="False" ObstLeft="True" StateStart="Fixed" />
				<Window ObstTop="False" ObstRight="False" ObstBottom="False" ObstLeft="False" StateStart="Broken1" />
				<Window ObstTop="False" ObstRight="False" ObstBottom="False" ObstLeft="False" StateStart="Broken1" />
			</Floor>
			<Floor ID="1" Background="0">
				<Window ObstTop="False" ObstRight="False" ObstBottom="False" ObstLeft="False" StateStart="Broken2" />
				<Window ObstTop="False" ObstRight="False" ObstBottom="False" ObstLeft="False" StateStart="Fixed" />
				<Window ObstTop="False" ObstRight="False" ObstBottom="False" ObstLeft="True" StateStart="Broken1" />
				<Window ObstTop="False" ObstRight="False" ObstBottom="False" ObstLeft="False" StateStart="Fixed" />
				<Window ObstTop="False" ObstRight="False" ObstBottom="False" ObstLeft="False" StateStart="Broken2" />
			</Floor>
			<Floor ID="2" Background="0">
				<Window ObstTop="False" ObstRight="False" ObstBottom="False" ObstLeft="False" StateStart="Fixed" />
				<Window ObstTop="False" ObstRight="False" ObstBottom="False" ObstLeft="False" StateStart="Broken2" />
				<Window ObstTop="False" ObstRight="False" ObstBottom="False" ObstLeft="False" StateStart="Broken2" />
				<Window ObstTop="False" ObstRight="False" ObstBottom="True" ObstLeft="False" StateStart="Broken1" />
				<Window ObstTop="False" ObstRight="False" ObstBottom="False" ObstLeft="False" StateStart="Broken2" />
			</Floor>
			<Floor ID="3" Background="0">
				<Window ObstTop="False" ObstRight="False" ObstBottom="False" ObstLeft="False" StateStart="Fixed" />
				<Window ObstTop="False" ObstRight="False" ObstBottom="True" ObstLeft="False" StateStart="Broken2" />
				<Window ObstTop="False" ObstRight="False" ObstBottom="False" ObstLeft="False" StateStart="Broken1" />
				<Window ObstTop="False" ObstRight="False" ObstBottom="False" ObstLeft="False" StateStart="Broken2" />
				<Window ObstTop="False" ObstRight="False" ObstBottom="False" ObstLeft="True" StateStart="Fixed" />
			</Floor>
			<Floor ID="4" Background="0">
				<Window ObstTop="False" ObstRight="False" ObstBottom="False" ObstLeft="False" StateStart="Broken2" />
				<Window ObstTop="False" ObstRight="False" ObstBottom="False" ObstLeft="False" StateStart="Broken1" />
				<Window ObstTop="False" ObstRight="False" ObstBottom="False" ObstLeft="False" StateStart="Fixed" />
				<Window ObstTop="False" ObstRight="False" ObstBottom="False" ObstLeft="False" StateStart="Broken2" />
				<Window ObstTop="False" ObstRight="False" ObstBottom="False" ObstLeft="True" StateStart="Broken2" />
			</Floor>
		</Level>
		<Level ID="7" Color="Blue" Time="60">
			<Ralf RandomThrowBrick="0.8" TimeBetwinBricks="0.5" RandomArmsUp="0.01" RandomYell="0.01" ThrowBrickDuration="2" TimeToReachNextWindows="0.65" 
					MaximumTimeBetwinThrowBrick="1.0" MinimumTimeBetwinThrowBrick="0.2" MaximumTimeBeforeYell="5.0" MinimumTimeBeforeYell="5.0" 
					MaximumTimeBeforeArmsUp="18.0" MinimumTimeBeforeArmsUp="14.0" MinimumTimeBeforeDecision="0.05" MaximumTimeBeforeDecision="0.2"
					MaximumWalkCycle="1"/>
			<Duck SpawnRateFrom="2" SpawnRateTo="5" MaxDuck="2" FloorIndexFrom="0" FloorIndexTo="4" DuckSpeed="310"/>
			<Brick RandomBreakWindow="0.08" Speed="390"/>
			<Collectables RandomPie="0.5" />
			<Pie SpawnRateFrom="12" SpawnRateTo="25" Probability="0.25" NbMax="1"/>
			<Floor ID="0" Background="0">
				<Window ObstTop="False" ObstRight="False" ObstBottom="False" ObstLeft="False" StateStart="Broken1" />
				<Window ObstTop="False" ObstRight="False" ObstBottom="False" ObstLeft="False" StateStart="Broken2" />
				<Window ObstTop="False" ObstRight="False" ObstBottom="False" ObstLeft="False" StateStart="Broken2" />
				<Window ObstTop="False" ObstRight="True" ObstBottom="False" ObstLeft="True" StateStart="Broken1" />
				<Window ObstTop="False" ObstRight="False" ObstBottom="False" ObstLeft="False" StateStart="Broken2" />
			</Floor>
			<Floor ID="1" Background="0">
				<Window ObstTop="False" ObstRight="False" ObstBottom="False" ObstLeft="False" StateStart="Broken2" />
				<Window ObstTop="False" ObstRight="False" ObstBottom="False" ObstLeft="False" StateStart="Broken2" />
				<Window ObstTop="False" ObstRight="False" ObstBottom="True" ObstLeft="True" StateStart="Broken1" />
				<Window ObstTop="False" ObstRight="False" ObstBottom="False" ObstLeft="False" StateStart="Broken2" />
				<Window ObstTop="False" ObstRight="False" ObstBottom="False" ObstLeft="False" StateStart="Fixed" />
			</Floor>
			<Floor ID="2" Background="0">
				<Window ObstTop="False" ObstRight="False" ObstBottom="False" ObstLeft="False" StateStart="Broken1" />
				<Window ObstTop="False" ObstRight="False" ObstBottom="True" ObstLeft="False" StateStart="Broken2" />
				<Window ObstTop="False" ObstRight="False" ObstBottom="False" ObstLeft="False" StateStart="Broken2" />
				<Window ObstTop="False" ObstRight="False" ObstBottom="True" ObstLeft="False" StateStart="Broken2" />
				<Window ObstTop="False" ObstRight="False" ObstBottom="False" ObstLeft="False" StateStart="Fixed" />
			</Floor>
			<Floor ID="3" Background="0">
				<Window ObstTop="False" ObstRight="False" ObstBottom="False" ObstLeft="False" StateStart="Broken2" />
				<Window ObstTop="False" ObstRight="False" ObstBottom="False" ObstLeft="True" StateStart="Broken2" />
				<Window ObstTop="False" ObstRight="False" ObstBottom="True" ObstLeft="False" StateStart="Broken1" />
				<Window ObstTop="False" ObstRight="False" ObstBottom="False" ObstLeft="False" StateStart="Broken2" />
				<Window ObstTop="False" ObstRight="False" ObstBottom="False" ObstLeft="True" StateStart="Broken1" />
			</Floor>
			<Floor ID="4" Background="0">
				<Window ObstTop="False" ObstRight="False" ObstBottom="False" ObstLeft="False" StateStart="Broken2" />
				<Window ObstTop="False" ObstRight="False" ObstBottom="True" ObstLeft="False" StateStart="Broken1" />
				<Window ObstTop="False" ObstRight="False" ObstBottom="False" ObstLeft="False" StateStart="Broken2" />
				<Window ObstTop="False" ObstRight="False" ObstBottom="True" ObstLeft="False" StateStart="Fixed" />
				<Window ObstTop="False" ObstRight="False" ObstBottom="False" ObstLeft="False" StateStart="Broken2" />
			</Floor>
		</Level>
		<Level ID="8" Color="Green" Time="60">
			<Ralf RandomThrowBrick="0.8" TimeBetwinBricks="0.5" RandomArmsUp="0.01" RandomYell="0.01" ThrowBrickDuration="2" TimeToReachNextWindows="0.6" 
					MaximumTimeBetwinThrowBrick="1.0" MinimumTimeBetwinThrowBrick="0.2" MaximumTimeBeforeYell="5.0" MinimumTimeBeforeYell="5.0" 
					MaximumTimeBeforeArmsUp="18.0" MinimumTimeBeforeArmsUp="14.0" MinimumTimeBeforeDecision="0.05" MaximumTimeBeforeDecision="0.2"
					MaximumWalkCycle="1"/>
			<Duck SpawnRateFrom="1" SpawnRateTo="4" MaxDuck="2" FloorIndexFrom="0" FloorIndexTo="4" DuckSpeed="350"/>
			<Brick RandomBreakWindow="0.09" Speed="400"/>
			<Collectables RandomPie="0.5" />
			<Pie SpawnRateFrom="15" SpawnRateTo="25" Probability="0.2" NbMax="1"/>
			<Floor ID="0" Background="0">
				<Window ObstTop="False" ObstRight="False" ObstBottom="False" ObstLeft="False" StateStart="Broken1" />
				<Window ObstTop="False" ObstRight="False" ObstBottom="False" ObstLeft="False" StateStart="Broken2" />
				<Window ObstTop="False" ObstRight="False" ObstBottom="False" ObstLeft="False" StateStart="Broken2" />
				<Window ObstTop="False" ObstRight="False" ObstBottom="False" ObstLeft="False" StateStart="Broken2" />
				<Window ObstTop="False" ObstRight="False" ObstBottom="False" ObstLeft="False" StateStart="Broken2" />
			</Floor>
			<Floor ID="1" Background="0">
				<Window ObstTop="False" ObstRight="False" ObstBottom="False" ObstLeft="False" StateStart="Broken2" />
				<Window ObstTop="False" ObstRight="True" ObstBottom="False" ObstLeft="False" StateStart="Broken2" />
				<Window ObstTop="False" ObstRight="False" ObstBottom="False" ObstLeft="False" StateStart="Broken1" />
				<Window ObstTop="False" ObstRight="False" ObstBottom="False" ObstLeft="True" StateStart="Broken2" />
				<Window ObstTop="False" ObstRight="False" ObstBottom="False" ObstLeft="False" StateStart="Broken2" />
			</Floor>
			<Floor ID="2" Background="0">
				<Window ObstTop="False" ObstRight="False" ObstBottom="False" ObstLeft="False" StateStart="Broken2" />
				<Window ObstTop="False" ObstRight="False" ObstBottom="True" ObstLeft="False" StateStart="Broken2" />
				<Window ObstTop="False" ObstRight="False" ObstBottom="False" ObstLeft="False" StateStart="Broken2" />
				<Window ObstTop="False" ObstRight="False" ObstBottom="True" ObstLeft="False" StateStart="Broken2" />
				<Window ObstTop="False" ObstRight="False" ObstBottom="False" ObstLeft="False" StateStart="Broken2" />
			</Floor>
			<Floor ID="3" Background="0">
				<Window ObstTop="False" ObstRight="False" ObstBottom="False" ObstLeft="False" StateStart="Broken2" />
				<Window ObstTop="False" ObstRight="True" ObstBottom="True" ObstLeft="False" StateStart="Broken2" />
				<Window ObstTop="False" ObstRight="False" ObstBottom="False" ObstLeft="False" StateStart="Broken2" />
				<Window ObstTop="False" ObstRight="False" ObstBottom="True" ObstLeft="True" StateStart="Broken2" />
				<Window ObstTop="False" ObstRight="False" ObstBottom="False" ObstLeft="False" StateStart="Broken2" />
			</Floor>
			<Floor ID="4" Background="0">
				<Window ObstTop="False" ObstRight="False" ObstBottom="False" ObstLeft="False" StateStart="Broken2" />
				<Window ObstTop="False" ObstRight="False" ObstBottom="False" ObstLeft="False" StateStart="Fixed" />
				<Window ObstTop="False" ObstRight="False" ObstBottom="False" ObstLeft="False" StateStart="Broken2" />
				<Window ObstTop="False" ObstRight="False" ObstBottom="False" ObstLeft="False" StateStart="Broken2" />
				<Window ObstTop="False" ObstRight="False" ObstBottom="False" ObstLeft="False" StateStart="Broken2" />
			</Floor>
		</Level>
		<Level ID="9" Color="Blue" Time="60">
			<Ralf RandomThrowBrick="0.8" TimeBetwinBricks="0.5" RandomArmsUp="0.01" RandomYell="0.01" ThrowBrickDuration="2" TimeToReachNextWindows="0.5" 
					MaximumTimeBetwinThrowBrick="1.0" MinimumTimeBetwinThrowBrick="0.2" MaximumTimeBeforeYell="5.0" MinimumTimeBeforeYell="5.0" 
					MaximumTimeBeforeArmsUp="18.0" MinimumTimeBeforeArmsUp="14.0" MinimumTimeBeforeDecision="0.05" MaximumTimeBeforeDecision="0.2"
					MaximumWalkCycle="1"/>
			<Duck SpawnRateFrom="0.5" SpawnRateTo="3" MaxDuck="2" FloorIndexFrom="0" FloorIndexTo="4" DuckSpeed="380"/>
			<Brick RandomBreakWindow="0.1" Speed="410"/>
			<Collectables RandomPie="0.5" />
			<Pie SpawnRateFrom="15" SpawnRateTo="30" Probability="0.15" NbMax="1"/>
			<Floor ID="0" Background="0">
				<Window ObstTop="False" ObstRight="False" ObstBottom="False" ObstLeft="False" StateStart="Broken2" />
				<Window ObstTop="False" ObstRight="False" ObstBottom="False" ObstLeft="False" StateStart="Broken2" />
				<Window ObstTop="False" ObstRight="False" ObstBottom="False" ObstLeft="False" StateStart="Broken2" />
				<Window ObstTop="False" ObstRight="False" ObstBottom="False" ObstLeft="False" StateStart="Broken2" />
				<Window ObstTop="False" ObstRight="False" ObstBottom="False" ObstLeft="False" StateStart="Broken2" />
			</Floor>
			<Floor ID="1" Background="0">
				<Window ObstTop="False" ObstRight="False" ObstBottom="True" ObstLeft="False" StateStart="Broken2" />
				<Window ObstTop="False" ObstRight="False" ObstBottom="False" ObstLeft="False" StateStart="Broken2" />
				<Window ObstTop="False" ObstRight="False" ObstBottom="True" ObstLeft="False" StateStart="Broken2" />
				<Window ObstTop="False" ObstRight="False" ObstBottom="False" ObstLeft="False" StateStart="Broken2" />
				<Window ObstTop="False" ObstRight="False" ObstBottom="True" ObstLeft="False" StateStart="Broken2" />
			</Floor>
			<Floor ID="2" Background="0">
				<Window ObstTop="False" ObstRight="True" ObstBottom="False" ObstLeft="False" StateStart="Broken2" />
				<Window ObstTop="False" ObstRight="False" ObstBottom="False" ObstLeft="False" StateStart="Broken2" />
				<Window ObstTop="False" ObstRight="True" ObstBottom="False" ObstLeft="True" StateStart="Broken2" />
				<Window ObstTop="False" ObstRight="False" ObstBottom="False" ObstLeft="False" StateStart="Broken2" />
				<Window ObstTop="False" ObstRight="False" ObstBottom="False" ObstLeft="True" StateStart="Broken2" />
			</Floor>
			<Floor ID="3" Background="0">
				<Window ObstTop="False" ObstRight="False" ObstBottom="False" ObstLeft="False" StateStart="Broken2" />
				<Window ObstTop="False" ObstRight="False" ObstBottom="False" ObstLeft="False" StateStart="Broken2" />
				<Window ObstTop="False" ObstRight="False" ObstBottom="False" ObstLeft="False" StateStart="Broken2" />
				<Window ObstTop="False" ObstRight="False" ObstBottom="False" ObstLeft="False" StateStart="Broken2" />
				<Window ObstTop="False" ObstRight="False" ObstBottom="False" ObstLeft="False" StateStart="Broken2" />
			</Floor>
			<Floor ID="4" Background="0">
				<Window ObstTop="False" ObstRight="True" ObstBottom="False" ObstLeft="False" StateStart="Broken2" />
				<Window ObstTop="False" ObstRight="False" ObstBottom="False" ObstLeft="False" StateStart="Broken2" />
				<Window ObstTop="False" ObstRight="False" ObstBottom="False" ObstLeft="False" StateStart="Broken2" />
				<Window ObstTop="False" ObstRight="False" ObstBottom="False" ObstLeft="False" StateStart="Broken2" />
				<Window ObstTop="False" ObstRight="False" ObstBottom="False" ObstLeft="True" StateStart="Broken2" />
			</Floor>
		</Level>
	</Stage>
</Stages>

<!-- 
Ralf
	RandomThrowBrick = Si le random est plus petit (et que le temps depuis le dernier lancé est entre MinimumTimeBetwinThrowBrick et MaximumTimeBetwinThrowBrick) on lance une brique
	TimeBetwinBricks="0.5" RandomArmsUp = Si Random est plus petit on Lève les bras
	RandomYell = Si random plus petit on yell!
	ThrowBrickDuration = le temps que ralf donne des coup de points a terre
	TimeToReachNextWindows = le temps que prend Ralf pour se déplacer d'une fenètre
	MaximumTimeBetwinThrowBrick = Le temps maximum avant de lancer un autre brique (Même chose pour yell et armsup)
	MaximumTimeBetwinThrowBrick = Le temps minimum avant de lancer un autre brique (Même chose pour yell et armsup)
	MinimumTimeBeforeDecision = Le temps minimum entre les decision d'actions.
	MaximumTimeBeforeDecision = Le temps maximum entre les decision d'actions.
	MaximumWalkCycle = Le nombre de cycle de marche avant de lancer une brique ou de Yell
Brick
	RandomBreakWindow = Si random plus petit la brique vas casser une fenètre.
	Speed = vitessse de dessante de la brick.
-->
